ID / Código Externo;Nome do Insumo;Categoria;Subcategoria;Unidade;Preço Unitário;Estoque Atual;Estoque Mínimo;Local / Obra;Ativo;Observações;Página Fonte
SIENGE-908;Acelerador de Pega para Argamassas e Concretos Não Estruturais;Argamassas e Selantes;ADESIVOS, ADITIVOS E SELANTES;kg;0,0000;;;;Sim;Preço de origem zerado;11
SIENGE-909;Acelerador de Pega Ultrarrápida;Argamassas e Selantes;ADESIVOS, ADITIVOS E SELANTES;kg;0,0000;;;;Sim;Preço de origem zerado;11
SIENGE-910-01;Adesivo de Alto Desempenho para Argamassas e Chapiscos / Bianco;Argamassas e Selantes;ADESIVOS, ADITIVOS E SELANTES;kg;0,0000;;;;Sim;"Código de origem repetido; usar o ID externo; Preço de origem zerado";11
SIENGE-910-02;Adesivo de Alto Desempenho para Argamassas e Chapiscos;Argamassas e Selantes;ADESIVOS, ADITIVOS E SELANTES;kg;0,0000;;;;Sim;"Código de origem repetido; usar o ID externo; Preço de origem zerado";11
SIENGE-911;Adesivo de Base Acrílica para Argamassas;Argamassas e Selantes;ADESIVOS, ADITIVOS E SELANTES;l;0,0000;;;;Sim;Preço de origem zerado;11
SIENGE-912;Adesivo e Selador de Base Acrílica para Argamassas;Argamassas e Selantes;ADESIVOS, ADITIVOS E SELANTES;kg;0,0000;;;;Sim;Preço de origem zerado;11
SIENGE-913;Adesivo Estrutural de Base Epóxi e Alta Fluidez;Argamassas e Selantes;ADESIVOS, ADITIVOS E SELANTES;kg;0,0000;;;;Sim;Preço de origem zerado;11
SIENGE-914;Adesivo Estrutural de Base Epóxi e Baixa Fluidez - 1 kg;Argamassas e Selantes;ADESIVOS, ADITIVOS E SELANTES;un;0,0000;;;;Sim;Preço de origem zerado;11
SIENGE-915;Adesivo Estrutural de Base Epóxi e Baixa Fluidez;Argamassas e Selantes;ADESIVOS, ADITIVOS E SELANTES;kg;0,0000;;;;Sim;Preço de origem zerado;11
SIENGE-916;Adesivo Estrutural de Base Epóxi e Média Fluidez - 1 kg;Argamassas e Selantes;ADESIVOS, ADITIVOS E SELANTES;un;0,0000;;;;Sim;Preço de origem zerado;11
SIENGE-917;Adesivo Estrutural de Base Epóxi e Média Fluidez;Argamassas e Selantes;ADESIVOS, ADITIVOS E SELANTES;kg;0,0000;;;;Sim;Preço de origem zerado;11
SIENGE-918;Adesivo Estrutural de Base Epóxi para Trincas e Fissuras Estruturais;Argamassas e Selantes;ADESIVOS, ADITIVOS E SELANTES;un;0,0000;;;;Sim;Preço de origem zerado;11
SIENGE-919;Adesivo para Argamassas e Chapisco;Argamassas e Selantes;ADESIVOS, ADITIVOS E SELANTES;kg;0,0000;;;;Sim;Preço de origem zerado;11
SIENGE-920;Adesivo PVA;Argamassas e Selantes;ADESIVOS, ADITIVOS E SELANTES;kg;0,0000;;;;Sim;Preço de origem zerado;11
SIENGE-921;Adesivo Vedante para Calhas e Rufos - 400 g;Argamassas e Selantes;ADESIVOS, ADITIVOS E SELANTES;un;0,0000;;;;Sim;Preço de origem zerado;11
SIENGE-922;Aditivo Acelerador de Pega e Plastificante para Concreto;Argamassas e Selantes;ADESIVOS, ADITIVOS E SELANTES;kg;0,0000;;;;Sim;Preço de origem zerado;11
SIENGE-923;Aditivo Acelerador de Pega e Resistência para Concreto;Argamassas e Selantes;ADESIVOS, ADITIVOS E SELANTES;kg;0,0000;;;;Sim;Preço de origem zerado;11
SIENGE-924;Aditivo Acelerador de Pega para Concreto Projetado;Argamassas e Selantes;ADESIVOS, ADITIVOS E SELANTES;kg;0,0000;;;;Sim;Preço de origem zerado;11
SIENGE-925;Aditivo Acelerador para Graute;Argamassas e Selantes;ADESIVOS, ADITIVOS E SELANTES;kg;0,0000;;;;Sim;Preço de origem zerado;11
SIENGE-926;Aditivo Adesivo para Argamassa;Argamassas e Selantes;ADESIVOS, ADITIVOS E SELANTES;kg;0,0000;;;;Sim;Preço de origem zerado;11
SIENGE-927-01;Aditivo Compensador de Retração para Argamassas Secas / Expansor;Argamassas e Selantes;ADESIVOS, ADITIVOS E SELANTES;un;0,0000;;;;Sim;"Código de origem repetido; usar o ID externo; Preço de origem zerado";11
SIENGE-927-02;Aditivo Compensador de Retração para Argamassas Secas;Argamassas e Selantes;ADESIVOS, ADITIVOS E SELANTES;un;16,8700;;;;Sim;"Código de origem repetido; usar o ID externo";11
SIENGE-928;Aditivo Controlador de Hidratação;Argamassas e Selantes;ADESIVOS, ADITIVOS E SELANTES;kg;0,0000;;;;Sim;Preço de origem zerado;11
SIENGE-929;Aditivo em Pó para Argamassas de Assentamento;Argamassas e Selantes;ADESIVOS, ADITIVOS E SELANTES;kg;0,0000;;;;Sim;Preço de origem zerado;11
SIENGE-930;Aditivo Estabilizador de Hidratação para Concreto;Argamassas e Selantes;ADESIVOS, ADITIVOS E SELANTES;kg;0,0000;;;;Sim;Preço de origem zerado;11
SIENGE-931;Aditivo Estabilizador para Argamassa;Argamassas e Selantes;ADESIVOS, ADITIVOS E SELANTES;kg;0,0000;;;;Sim;Preço de origem zerado;11
SIENGE-932;Aditivo Impermeabilizante para Concretos e Argamassas;Argamassas e Selantes;ADESIVOS, ADITIVOS E SELANTES;l;0,0000;;;;Sim;Preço de origem zerado;11
SIENGE-933;Aditivo Impermeabilizante por Cristalização para Concreto;Argamassas e Selantes;ADESIVOS, ADITIVOS E SELANTES;kg;0,0000;;;;Sim;Preço de origem zerado;11
SIENGE-934;Aditivo Incorporador de Ar para Concreto e Argamassa;Argamassas e Selantes;ADESIVOS, ADITIVOS E SELANTES;kg;0,0000;;;;Sim;Preço de origem zerado;11
SIENGE-935;Aditivo Líquido para Concreto;Argamassas e Selantes;ADESIVOS, ADITIVOS E SELANTES;kg;0,0000;;;;Sim;Preço de origem zerado;11
SIENGE-936;Aditivo Modificador de Viscosidade para Concreto e Argamassa;Argamassas e Selantes;ADESIVOS, ADITIVOS E SELANTES;kg;0,0000;;;;Sim;Preço de origem zerado;11
SIENGE-937;Aditivo Plastificante de Pega Acelerada para Blocos de Concreto;Argamassas e Selantes;ADESIVOS, ADITIVOS E SELANTES;kg;0,0000;;;;Sim;Preço de origem zerado;11
SIENGE-938;Aditivo Plastificante de Pega Normal para Blocos de Concreto;Argamassas e Selantes;ADESIVOS, ADITIVOS E SELANTES;kg;0,0000;;;;Sim;Preço de origem zerado;11
SIENGE-939;Aditivo Plastificante de Pega Prolongada para Concreto;Argamassas e Selantes;ADESIVOS, ADITIVOS E SELANTES;kg;0,0000;;;;Sim;Preço de origem zerado;11
SIENGE-940;Aditivo Plastificante de Pega Prolongada para Concreto Rolado;Argamassas e Selantes;ADESIVOS, ADITIVOS E SELANTES;kg;0,0000;;;;Sim;Preço de origem zerado;11
SIENGE-941;Aditivo Plastificante de Pega Retardada para Concreto;Argamassas e Selantes;ADESIVOS, ADITIVOS E SELANTES;kg;0,0000;;;;Sim;Preço de origem zerado;12
SIENGE-942;Aditivo Plastificante e Estabilizador para Argamassa;Argamassas e Selantes;ADESIVOS, ADITIVOS E SELANTES;kg;0,0000;;;;Sim;Preço de origem zerado;12
SIENGE-943;Aditivo Plastificante e Incorporador de Ar para Argamassa;Argamassas e Selantes;ADESIVOS, ADITIVOS E SELANTES;kg;0,0000;;;;Sim;Preço de origem zerado;12
SIENGE-944;Aditivo Plastificante para Argamassas;Argamassas e Selantes;ADESIVOS, ADITIVOS E SELANTES;kg;0,0000;;;;Sim;Preço de origem zerado;12
SIENGE-945;Aditivo Plastificante para Argamassas de Assentamento e Reboco;Argamassas e Selantes;ADESIVOS, ADITIVOS E SELANTES;l;0,0000;;;;Sim;Preço de origem zerado;12
SIENGE-946;Aditivo Plastificante para Concreto;Argamassas e Selantes;ADESIVOS, ADITIVOS E SELANTES;kg;0,0000;;;;Sim;Preço de origem zerado;12
SIENGE-947;Aditivo Plastificante-Superplastificante para Concreto;Argamassas e Selantes;ADESIVOS, ADITIVOS E SELANTES;kg;0,0000;;;;Sim;Preço de origem zerado;12
SIENGE-948;Aditivo Superplastificante de Longa Manutenção para Concreto;Argamassas e Selantes;ADESIVOS, ADITIVOS E SELANTES;kg;0,0000;;;;Sim;Preço de origem zerado;12
SIENGE-949;Aditivo Superplastificante para Concreto;Argamassas e Selantes;ADESIVOS, ADITIVOS E SELANTES;kg;0,0000;;;;Sim;Preço de origem zerado;12
SIENGE-950;Agente de Cura para Concreto e Argamassa;Argamassas e Selantes;ADESIVOS, ADITIVOS E SELANTES;kg;0,0000;;;;Sim;Preço de origem zerado;12
SIENGE-951;Agente de Cura Química para Subtratos Cimentícios;Argamassas e Selantes;ADESIVOS, ADITIVOS E SELANTES;l;0,0000;;;;Sim;Preço de origem zerado;12
SIENGE-952;Cola para Rodapé;Argamassas e Selantes;ADESIVOS, ADITIVOS E SELANTES;kg;0,0000;;;;Sim;Preço de origem zerado;12
SIENGE-953;Complemento Aditivo de Cura para Concreto;Argamassas e Selantes;ADESIVOS, ADITIVOS E SELANTES;l;0,0000;;;;Sim;Preço de origem zerado;12
SIENGE-954;Complemento Aditivo de Cura para Concreto e Argamassas;Argamassas e Selantes;ADESIVOS, ADITIVOS E SELANTES;kg;0,0000;;;;Sim;Preço de origem zerado;12
SIENGE-955;Desmoldante em Pasta Base Água;Argamassas e Selantes;ADESIVOS, ADITIVOS E SELANTES;l;0,0000;;;;Sim;Preço de origem zerado;12
SIENGE-956;Desmoldante para Concreto Aparente;Argamassas e Selantes;ADESIVOS, ADITIVOS E SELANTES;l;0,0000;;;;Sim;Preço de origem zerado;12
SIENGE-957;Desmoldante para Concreto Revestido;Argamassas e Selantes;ADESIVOS, ADITIVOS E SELANTES;l;0,0000;;;;Sim;Preço de origem zerado;12
SIENGE-958-01;Desmoldante para Formas de Madeira e Compensado / Desforma Plus;Argamassas e Selantes;ADESIVOS, ADITIVOS E SELANTES;bl;6,3400;;;;Sim;"Código de origem repetido; usar o ID externo";12
SIENGE-958-02;Desmoldante para Formas de Madeira e Compensado;Argamassas e Selantes;ADESIVOS, ADITIVOS E SELANTES;bl;6,3400;;;;Sim;"Código de origem repetido; usar o ID externo";12
SIENGE-959;Desmoldante para Formas Metálicas;Argamassas e Selantes;ADESIVOS, ADITIVOS E SELANTES;kg;0,0000;;;;Sim;Preço de origem zerado;12
SIENGE-960;Desmoldante para Formas Metálicas;Argamassas e Selantes;ADESIVOS, ADITIVOS E SELANTES;l;15,7200;;;;Sim;;12
SIENGE-961;Espuma Expansiva - 300 ml;Argamassas e Selantes;ADESIVOS, ADITIVOS E SELANTES;un;0,0000;;;;Sim;Preço de origem zerado;12
SIENGE-962;Espuma Expansiva - 500 ml;Argamassas e Selantes;ADESIVOS, ADITIVOS E SELANTES;un;0,0000;;;;Sim;Preço de origem zerado;12
SIENGE-963;Espuma Expansiva - 750 ml;Argamassas e Selantes;ADESIVOS, ADITIVOS E SELANTES;un;0,0000;;;;Sim;Preço de origem zerado;12
SIENGE-964;Espuma Expansiva;Argamassas e Selantes;ADESIVOS, ADITIVOS E SELANTES;kg;0,0000;;;;Sim;Preço de origem zerado;12
SIENGE-965;Espuma Hidroativada para Injeção;Argamassas e Selantes;ADESIVOS, ADITIVOS E SELANTES;kg;0,0000;;;;Sim;Preço de origem zerado;12
SIENGE-966;Fibra Estrutural para Concreto;Argamassas e Selantes;ADESIVOS, ADITIVOS E SELANTES;kg;0,0000;;;;Sim;Preço de origem zerado;12
SIENGE-967;Gel para Injeção;Argamassas e Selantes;ADESIVOS, ADITIVOS E SELANTES;kg;0,0000;;;;Sim;Preço de origem zerado;12
SIENGE-968;Massa Acrílica para Reparos, Correções e Calafetações em Madeira - 400 g;Argamassas e Selantes;ADESIVOS, ADITIVOS E SELANTES;un;0,0000;;;;Sim;Preço de origem zerado;12
SIENGE-969;Massa Especial para Calafetar Assoalhos;Argamassas e Selantes;ADESIVOS, ADITIVOS E SELANTES;kg;0,0000;;;;Sim;Preço de origem zerado;12
SIENGE-970;Mastique Asfáltico;Argamassas e Selantes;ADESIVOS, ADITIVOS E SELANTES;kg;0,0000;;;;Sim;Preço de origem zerado;12
SIENGE-971;Mastique Calafetador Base Acrílica;Argamassas e Selantes;ADESIVOS, ADITIVOS E SELANTES;kg;0,0000;;;;Sim;Preço de origem zerado;12
SIENGE-972;Mastique para Juntas;Argamassas e Selantes;ADESIVOS, ADITIVOS E SELANTES;kg;0,0000;;;;Sim;Preço de origem zerado;12
SIENGE-973;Microfibra Sintética para Concreto;Argamassas e Selantes;ADESIVOS, ADITIVOS E SELANTES;kg;0,0000;;;;Sim;Preço de origem zerado;12
SIENGE-974;Neutralizador de Ferrugem;Argamassas e Selantes;ADESIVOS, ADITIVOS E SELANTES;l;0,0000;;;;Sim;Preço de origem zerado;12
SIENGE-975;Perfil Hidroexpansivo para Juntas de Concretagem;Argamassas e Selantes;ADESIVOS, ADITIVOS E SELANTES;m;0,0000;;;;Sim;Preço de origem zerado;12
SIENGE-976;Perfil Pré-Moldado de PVC para Vedações;Argamassas e Selantes;ADESIVOS, ADITIVOS E SELANTES;m;0,0000;;;;Sim;Preço de origem zerado;12
SIENGE-977;Polímero para Chapiscos, Argamassas e Concretos;Argamassas e Selantes;ADESIVOS, ADITIVOS E SELANTES;kg;0,0000;;;;Sim;Preço de origem zerado;12
SIENGE-978;Primer para Selantes;Argamassas e Selantes;ADESIVOS, ADITIVOS E SELANTES;l;0,0000;;;;Sim;Preço de origem zerado;12
SIENGE-979;Protetor Anticorrosivo à Base de Zinco para Metais;Argamassas e Selantes;ADESIVOS, ADITIVOS E SELANTES;l;0,0000;;;;Sim;Preço de origem zerado;12
SIENGE-980;Revestimento Inibidor de Corrosão;Argamassas e Selantes;ADESIVOS, ADITIVOS E SELANTES;kg;0,0000;;;;Sim;Preço de origem zerado;12
SIENGE-981;Revestimento Polimérico para Proteção de Armaduras;Argamassas e Selantes;ADESIVOS, ADITIVOS E SELANTES;kg;0,0000;;;;Sim;Preço de origem zerado;12
SIENGE-982;Selante Base Epóxi;Argamassas e Selantes;ADESIVOS, ADITIVOS E SELANTES;kg;0,0000;;;;Sim;Preço de origem zerado;12
SIENGE-983-01;Selante Elástico - 480 g / Monopol PU 25 Plus;Argamassas e Selantes;ADESIVOS, ADITIVOS E SELANTES;un;0,0000;;;;Sim;"Código de origem repetido; usar o ID externo; Preço de origem zerado";12
SIENGE-983-02;Selante Elástico - 480 g;Argamassas e Selantes;ADESIVOS, ADITIVOS E SELANTES;un;0,0000;;;;Sim;"Código de origem repetido; usar o ID externo; Preço de origem zerado";12
SIENGE-984;Selante Poliuretano para Calhas e Rufos - 400 g;Argamassas e Selantes;ADESIVOS, ADITIVOS E SELANTES;un;0,0000;;;;Sim;Preço de origem zerado;12
SIENGE-985;Selante Elástico Alcatrão e Poliuretano, Monocomponente;Argamassas e Selantes;ADESIVOS, ADITIVOS E SELANTES;kg;0,0000;;;;Sim;Preço de origem zerado;12
SIENGE-986;Selante Flexível;Argamassas e Selantes;ADESIVOS, ADITIVOS E SELANTES;kg;0,0000;;;;Sim;Preço de origem zerado;12
SIENGE-987;Adesivo Acrílico de Base Aquosa (Cola Contato);Argamassas e Selantes;ADESIVOS, ADITIVOS E SELANTES;kg;0,0000;;;;Sim;Preço de origem zerado;12
SIENGE-988;Selante Flexível Base Silicone;Argamassas e Selantes;ADESIVOS, ADITIVOS E SELANTES;kg;0,0000;;;;Sim;Preço de origem zerado;12
SIENGE-989;Selante Polímero MS - 400 g;Argamassas e Selantes;ADESIVOS, ADITIVOS E SELANTES;un;0,0000;;;;Sim;Preço de origem zerado;12
SIENGE-990;Selante Polímero MS - 830 g;Argamassas e Selantes;ADESIVOS, ADITIVOS E SELANTES;un;0,0000;;;;Sim;Preço de origem zerado;12
SIENGE-991;Selante Poliuretano - 400 g;Argamassas e Selantes;ADESIVOS, ADITIVOS E SELANTES;un;0,0000;;;;Sim;Preço de origem zerado;12
SIENGE-992;Selante Poliuretano - 830 g;Argamassas e Selantes;ADESIVOS, ADITIVOS E SELANTES;un;0,0000;;;;Sim;Preço de origem zerado;12
SIENGE-993;Selante Poliuretano para Colagem e Vedação - 400 g;Argamassas e Selantes;ADESIVOS, ADITIVOS E SELANTES;un;0,0000;;;;Sim;Preço de origem zerado;12
SIENGE-994;Selante Poliuretano para Fachadas - 400 g;Argamassas e Selantes;ADESIVOS, ADITIVOS E SELANTES;un;0,0000;;;;Sim;Preço de origem zerado;12
SIENGE-995;Selante Poliuretano para Fixação de Espelhos - 400 g;Argamassas e Selantes;ADESIVOS, ADITIVOS E SELANTES;un;0,0000;;;;Sim;Preço de origem zerado;12
SIENGE-996;Selante Poliuretano para Juntas Horizontais e Verticais - 400 g;Argamassas e Selantes;ADESIVOS, ADITIVOS E SELANTES;un;0,0000;;;;Sim;Preço de origem zerado;12
SIENGE-997;Silicone Acético para Aplicações Gerais de Vedação;Argamassas e Selantes;ADESIVOS, ADITIVOS E SELANTES;un;0,0000;;;;Sim;Preço de origem zerado;12
SIENGE-998;Silicone Neutro para Aplicações Gerais de Vedação - 280 g;Argamassas e Selantes;ADESIVOS, ADITIVOS E SELANTES;un;0,0000;;;;Sim;Preço de origem zerado;12
SIENGE-999;Tinta Alcatrão Impermeável para Madeira;Argamassas e Selantes;ADESIVOS, ADITIVOS E SELANTES;l;0,0000;;;;Sim;Preço de origem zerado;13
SIENGE-1000;Tinta Alcatrão para Ferro e Concreto;Argamassas e Selantes;ADESIVOS, ADITIVOS E SELANTES;l;0,0000;;;;Sim;Preço de origem zerado;13
SIENGE-1001;Selante Elástico - 960 g;Argamassas e Selantes;ADESIVOS, ADITIVOS E SELANTES;un;0,0000;;;;Sim;Preço de origem zerado;13
SIENGE-8663;Graxa Grafitada;Argamassas e Selantes;ADESIVOS, ADITIVOS E SELANTES;un;0,0000;;;;Sim;Preço de origem zerado;13
SIENGE-9270;Massa Tapa Tudo;Argamassas e Selantes;ADESIVOS, ADITIVOS E SELANTES;kg;0,0000;;;;Sim;Preço de origem zerado;13
SIENGE-9616;Chumbador Quimico;Argamassas e Selantes;ADESIVOS, ADITIVOS E SELANTES;un;0,0000;;;;Sim;Preço de origem zerado;13
SIENGE-9632;Adesivo Instantâneo;Argamassas e Selantes;ADESIVOS, ADITIVOS E SELANTES;un;0,0000;;;;Sim;Preço de origem zerado;13
SIENGE-1002;Asfalto Elastomérico;Cimento e Agregados;AGLOMERANTES;kg;0,0000;;;;Sim;Preço de origem zerado;13
SIENGE-1003;Asfalto Oxidado;Cimento e Agregados;AGLOMERANTES;kg;0,0000;;;;Sim;Preço de origem zerado;13
SIENGE-1004;Cal Hidratada CH III;Cimento e Agregados;AGLOMERANTES;kg;0,0000;;;;Sim;Preço de origem zerado;13
SIENGE-1005;Cimento Asfáltico;Cimento e Agregados;AGLOMERANTES;kg;0,0000;;;;Sim;Preço de origem zerado;13
SIENGE-1006;Cimento de Pega Ultra-Rápida;Cimento e Agregados;AGLOMERANTES;kg;0,0000;;;;Sim;Preço de origem zerado;13
SIENGE-1007;Cimento Portland - CP I;Cimento e Agregados;AGLOMERANTES;kg;0,5900;;;;Sim;;13
SIENGE-1008;Cimento Portland - CP I 40;Cimento e Agregados;AGLOMERANTES;kg;0,0000;;;;Sim;Preço de origem zerado;13
SIENGE-1009;Cimento Portland - CP I S;Cimento e Agregados;AGLOMERANTES;kg;0,0000;;;;Sim;Preço de origem zerado;13
SIENGE-1010;Cimento Portland - CP II;Cimento e Agregados;AGLOMERANTES;kg;0,6060;;;;Sim;;13
SIENGE-1011;Cimento Portland - CP II E;Cimento e Agregados;AGLOMERANTES;kg;0,0000;;;;Sim;Preço de origem zerado;13
SIENGE-1012;Cimento Portland - CP II E 32;Cimento e Agregados;AGLOMERANTES;kg;0,0000;;;;Sim;Preço de origem zerado;13
SIENGE-1013;Cimento Portland - CP II E 32 RS;Cimento e Agregados;AGLOMERANTES;kg;0,0000;;;;Sim;Preço de origem zerado;13
SIENGE-1014;Cimento Portland - CP II F;Cimento e Agregados;AGLOMERANTES;kg;0,6300;;;;Sim;;13
SIENGE-1015;Cimento Portland - CP II F 32;Cimento e Agregados;AGLOMERANTES;kg;0,0000;;;;Sim;Preço de origem zerado;13
SIENGE-1016;Cimento Portland - CP II Z;Cimento e Agregados;AGLOMERANTES;kg;0,0000;;;;Sim;Preço de origem zerado;13
SIENGE-1017;Cimento Portland - CP II Z 32;Cimento e Agregados;AGLOMERANTES;kg;0,0000;;;;Sim;Preço de origem zerado;13
SIENGE-1018;Cimento Portland - CP II Z 32 RS;Cimento e Agregados;AGLOMERANTES;kg;0,0000;;;;Sim;Preço de origem zerado;13
SIENGE-1019;Cimento Portland - CP III;Cimento e Agregados;AGLOMERANTES;kg;0,0000;;;;Sim;Preço de origem zerado;13
SIENGE-1020;Cimento Portland - CP III 40 RS;Cimento e Agregados;AGLOMERANTES;kg;0,0000;;;;Sim;Preço de origem zerado;13
SIENGE-1021;Cimento Portland - CP IV;Cimento e Agregados;AGLOMERANTES;sc;0,6060;;;;Sim;;13
SIENGE-1022;Cimento Portland - CP IV 32;Cimento e Agregados;AGLOMERANTES;kg;0,6660;;;;Sim;;13
SIENGE-1023;Cimento Portland - CP P;Cimento e Agregados;AGLOMERANTES;kg;0,0000;;;;Sim;Preço de origem zerado;13
SIENGE-1024;Cimento Portland - CP V;Cimento e Agregados;AGLOMERANTES;kg;0,0000;;;;Sim;Preço de origem zerado;13
SIENGE-1025;Cimento Portland - CP V ARI;Cimento e Agregados;AGLOMERANTES;sc;0,0000;;;;Sim;Preço de origem zerado;13
SIENGE-1026;Cimento Portland - CP V ARI RS;Cimento e Agregados;AGLOMERANTES;kg;0,0000;;;;Sim;Preço de origem zerado;13
SIENGE-1027;Cimento Portland - CP V ARI ULTRA;Cimento e Agregados;AGLOMERANTES;kg;0,0000;;;;Sim;Preço de origem zerado;13
SIENGE-1028;Emulsão Asfáltica;Cimento e Agregados;AGLOMERANTES;kg;0,0000;;;;Sim;"Descrição/unidade repetida; validar; Preço de origem zerado";13
SIENGE-1029;Endurecedor Cimentício Mineral;Cimento e Agregados;AGLOMERANTES;kg;0,0000;;;;Sim;Preço de origem zerado;13
SIENGE-1030;Endurecedor Químico;Cimento e Agregados;AGLOMERANTES;l;0,0000;;;;Sim;Preço de origem zerado;13
SIENGE-1031;Cal Hidratada CH I;Cimento e Agregados;AGLOMERANTES;kg;0,6900;;;;Sim;;13
SIENGE-1032;Areia de Brita;Cimento e Agregados;AGREGADOS;m3;0,0000;;;;Sim;Preço de origem zerado;13
SIENGE-1033;"Areia Especial com Pedrisco 1/4""";Cimento e Agregados;AGREGADOS;m3;0,0000;;;;Sim;Preço de origem zerado;13
SIENGE-1034;Areia Fina;Cimento e Agregados;AGREGADOS;m3;100,0000;;;;Sim;;13
SIENGE-1035;Areia Grossa;Cimento e Agregados;AGREGADOS;sc;100,0000;;;;Sim;;13
SIENGE-1036;Areia Média;Cimento e Agregados;AGREGADOS;m3;100,0000;;;;Sim;;13
SIENGE-1037;Areia Média Fina;Cimento e Agregados;AGREGADOS;m3;100,0000;;;;Sim;;13
SIENGE-1038;Areia Média Grossa;Cimento e Agregados;AGREGADOS;m3;100,0000;;;;Sim;;13
SIENGE-1039;Areia Suja;Cimento e Agregados;AGREGADOS;m3;0,0000;;;;Sim;Preço de origem zerado;13
SIENGE-1040;Bica Corrida;Cimento e Agregados;AGREGADOS;m3;0,0000;;;;Sim;Preço de origem zerado;13
SIENGE-1041;Brita 0 / Pedrisco;Cimento e Agregados;AGREGADOS;m3;94,1700;;;;Sim;;13
SIENGE-1042;Brita 1;Cimento e Agregados;AGREGADOS;m3;128,0000;;;;Sim;;13
SIENGE-1043;Brita 2;Cimento e Agregados;AGREGADOS;m3;82,0000;;;;Sim;;13
SIENGE-1044;Brita 3;Cimento e Agregados;AGREGADOS;m3;77,0500;;;;Sim;;13
SIENGE-1045;Brita 3/4;Cimento e Agregados;AGREGADOS;m3;0,0000;;;;Sim;Preço de origem zerado;13
SIENGE-1046;Brita 4;Cimento e Agregados;AGREGADOS;m3;76,3800;;;;Sim;;13
SIENGE-1047;Brita 5/8;Cimento e Agregados;AGREGADOS;m3;0,0000;;;;Sim;Preço de origem zerado;13
SIENGE-1048;Brita Compactada;Cimento e Agregados;AGREGADOS;m3;0,0000;;;;Sim;Preço de origem zerado;13
SIENGE-1049;Brita Graduada Simples;Cimento e Agregados;AGREGADOS;m3;82,1900;;;;Sim;;14
SIENGE-1050;Brita Leve;Cimento e Agregados;AGREGADOS;m3;0,0000;;;;Sim;Preço de origem zerado;14
SIENGE-1051;Pedrisco Misto;Cimento e Agregados;AGREGADOS;m3;0,0000;;;;Sim;Preço de origem zerado;14
SIENGE-1052;Pó de Pedra;Cimento e Agregados;AGREGADOS;m3;83,1600;;;;Sim;;14
SIENGE-1053;Rachão;Cimento e Agregados;AGREGADOS;m3;0,0000;;;;Sim;Preço de origem zerado;14
SIENGE-1054;Seixo Bruto;Cimento e Agregados;AGREGADOS;m3;0,0000;;;;Sim;Preço de origem zerado;14
SIENGE-1055;Argamassa AC I;Argamassas e Selantes;ARGAMASSAS;kg;0,3650;;;;Sim;;14
SIENGE-1056;Argamassa AC II;Argamassas e Selantes;ARGAMASSAS;kg;0,6700;;;;Sim;;14
SIENGE-1057-01;Argamassa AC III / Cinza;Argamassas e Selantes;ARGAMASSAS;kg;1,1300;;;;Sim;"Código de origem repetido; usar o ID externo";14
SIENGE-1057-02;Argamassa AC III;Argamassas e Selantes;ARGAMASSAS;kg;1,1300;;;;Sim;"Código de origem repetido; usar o ID externo";14
SIENGE-1058-01;Argamassa Acabamento para Paredes e Tetos / Selamix Finnotok;Argamassas e Selantes;ARGAMASSAS;kg;0,0000;;;;Sim;"Código de origem repetido; usar o ID externo; Preço de origem zerado";14
SIENGE-1058-02;Argamassa Acabamento para Paredes e Tetos;Argamassas e Selantes;ARGAMASSAS;kg;0,0000;;;;Sim;"Código de origem repetido; usar o ID externo; Preço de origem zerado";14
SIENGE-1059;Argamassa Alta Aderência para Grandes Formatos;Argamassas e Selantes;ARGAMASSAS;kg;0,0000;;;;Sim;Preço de origem zerado;14
SIENGE-1060;Argamassa Assentamento Alvenaria Estrutural, 10 MPa;Argamassas e Selantes;ARGAMASSAS;kg;0,0000;;;;Sim;Preço de origem zerado;14
SIENGE-1061;Argamassa Assentamento Alvenaria Estrutural, 14 MPa;Argamassas e Selantes;ARGAMASSAS;kg;0,0000;;;;Sim;Preço de origem zerado;14
SIENGE-1062;Argamassa Assentamento Alvenaria Estrutural, 5 MPa;Argamassas e Selantes;ARGAMASSAS;kg;0,0000;;;;Sim;Preço de origem zerado;14
SIENGE-1063;Argamassa Assentamento Alvenaria Estrutural, 7 MPa;Argamassas e Selantes;ARGAMASSAS;kg;0,0000;;;;Sim;Preço de origem zerado;14
SIENGE-1064;Argamassa Assentamento e Rejuntamento de Blocos de Vidro;Argamassas e Selantes;ARGAMASSAS;kg;1,8000;;;;Sim;;14
SIENGE-1065;Argamassa Assentamento e Rejuntamento de Pastilhas;Argamassas e Selantes;ARGAMASSAS;kg;5,0700;;;;Sim;;14
SIENGE-1066;Argamassa Assentamento Porcelanatos em Áreas Internas / Branco;Argamassas e Selantes;ARGAMASSAS;kg;0,0000;;;;Sim;Preço de origem zerado;14
SIENGE-1067;Argamassa Assentamento Porcelanatos em Áreas Internas / Cinza;Argamassas e Selantes;ARGAMASSAS;kg;0,0000;;;;Sim;Preço de origem zerado;14
SIENGE-1068;Argamassa Assentamento Revestimentos e Porcelanatos / Branco;Argamassas e Selantes;ARGAMASSAS;kg;0,0000;;;;Sim;Preço de origem zerado;14
SIENGE-1069;Argamassa Assentamento Revestimentos e Porcelanatos / Cinza;Argamassas e Selantes;ARGAMASSAS;kg;0,0000;;;;Sim;Preço de origem zerado;14
SIENGE-1070;Argamassa Assentamento Vedação, Revestimento Interno e Externo;Argamassas e Selantes;ARGAMASSAS;kg;0,0000;;;;Sim;Preço de origem zerado;14
SIENGE-1071;Argamassa Base Epóxi;Argamassas e Selantes;ARGAMASSAS;kg;0,0000;;;;Sim;Preço de origem zerado;14
SIENGE-1072;Argamassa Chapisco Adesivo para Concreto;Argamassas e Selantes;ARGAMASSAS;kg;0,7700;;;;Sim;;14
SIENGE-1073;Argamassa Chapisco para Alvenaria;Argamassas e Selantes;ARGAMASSAS;sc;0,0000;;;;Sim;Preço de origem zerado;14
SIENGE-1074;Argamassa Chapisco Projetado para Alvenaria;Argamassas e Selantes;ARGAMASSAS;kg;0,0000;;;;Sim;Preço de origem zerado;14
SIENGE-1075;Argamassa Colante de Alta Performance / Branco;Argamassas e Selantes;ARGAMASSAS;kg;0,0000;;;;Sim;Preço de origem zerado;14
SIENGE-1076;Argamassa Colante de Alta Performance / Cinza;Argamassas e Selantes;ARGAMASSAS;kg;0,0000;;;;Sim;Preço de origem zerado;14
SIENGE-1077;Argamassa Colante Multiuso 3 em 1;Argamassas e Selantes;ARGAMASSAS;kg;0,0000;;;;Sim;Preço de origem zerado;14
SIENGE-1078;Argamassa Colante Multiuso 4 em 1 Plus;Argamassas e Selantes;ARGAMASSAS;kg;0,0000;;;;Sim;Preço de origem zerado;14
SIENGE-1079;Argamassa Colante Super Polimérica Fachadas;Argamassas e Selantes;ARGAMASSAS;kg;0,0000;;;;Sim;Preço de origem zerado;14
SIENGE-1080;Argamassa Contrapiso;Argamassas e Selantes;ARGAMASSAS;kg;0,0000;;;;Sim;Preço de origem zerado;14
SIENGE-1081;Argamassa Encunhamento;Argamassas e Selantes;ARGAMASSAS;kg;0,0000;;;;Sim;Preço de origem zerado;14
SIENGE-1082;Argamassa Especial Super Flex;Argamassas e Selantes;ARGAMASSAS;kg;0,0000;;;;Sim;Preço de origem zerado;14
SIENGE-1083;Argamassa Estabilizada para Assentamento Alvenaria Estrutural;Argamassas e Selantes;ARGAMASSAS;m3;390,0000;;;;Sim;;14
SIENGE-1084;Argamassa Estabilizada para Contrapiso;Argamassas e Selantes;ARGAMASSAS;m3;390,0000;;;;Sim;;14
SIENGE-1085;Argamassa Estabilizada para Uso Geral;Argamassas e Selantes;ARGAMASSAS;m3;400,0000;;;;Sim;;14
SIENGE-1086;Argamassa Fino Acabamento para Uso Interno;Argamassas e Selantes;ARGAMASSAS;kg;0,0000;;;;Sim;Preço de origem zerado;14
SIENGE-1087;Argamassa Fino Acabamento para Uso Interno e Externo;Argamassas e Selantes;ARGAMASSAS;kg;0,0000;;;;Sim;Preço de origem zerado;14
SIENGE-1088;Argamassa Fino Acabamento para Uso Interno em Gesso;Argamassas e Selantes;ARGAMASSAS;kg;0,0000;;;;Sim;Preço de origem zerado;14
SIENGE-1089;Argamassa Múltiplo Uso para Assentamento de Elementos de Alvenaria e Revestimentos em Geral;Argamassas e Selantes;ARGAMASSAS;sc;0,0000;;;;Sim;Preço de origem zerado;14
SIENGE-1090;Argamassa para Reparo;Argamassas e Selantes;ARGAMASSAS;kg;0,0000;;;;Sim;Preço de origem zerado;14
SIENGE-1091;Argamassa Pronta para Chapisco;Argamassas e Selantes;ARGAMASSAS;sc;0,7700;;;;Sim;;14
SIENGE-1092-01;Argamassa Rejuntamento Revestimentos e Porcelanatos / Branco;Argamassas e Selantes;ARGAMASSAS;sc;0,0000;;;;Sim;"Código de origem repetido; usar o ID externo; Preço de origem zerado";14
SIENGE-1092-02;Argamassa Rejuntamento Revestimentos e Porcelanatos / Cinza;Argamassas e Selantes;ARGAMASSAS;sc;0,0000;;;;Sim;"Código de origem repetido; usar o ID externo; Preço de origem zerado";14
SIENGE-1092-03;Argamassa Rejuntamento Revestimentos e Porcelanatos / Cinza Platina;Argamassas e Selantes;ARGAMASSAS;sc;0,0000;;;;Sim;"Código de origem repetido; usar o ID externo; Preço de origem zerado";14
SIENGE-1092-04;Argamassa Rejuntamento Revestimentos e Porcelanatos;Argamassas e Selantes;ARGAMASSAS;sc;4,5600;;;;Sim;"Código de origem repetido; usar o ID externo";14
SIENGE-1093;Argamassa Revestimento Interno/Externo Projetado;Argamassas e Selantes;ARGAMASSAS;kg;0,0000;;;;Sim;Preço de origem zerado;14
SIENGE-1094;Argamassa Uso em Revestimentos de Áreas Externas;Argamassas e Selantes;ARGAMASSAS;kg;0,0000;;;;Sim;Preço de origem zerado;14
SIENGE-1095;Argamassa Uso em Revestimentos de Áreas Internas;Argamassas e Selantes;ARGAMASSAS;kg;0,0000;;;;Sim;Preço de origem zerado;14
SIENGE-1096;Argamassa Vedação e Encunhamento;Argamassas e Selantes;ARGAMASSAS;kg;0,0000;;;;Sim;Preço de origem zerado;14
SIENGE-1097;Graute Cimentício para Uso Geral;Argamassas e Selantes;ARGAMASSAS;sc;0,0000;;;;Sim;Preço de origem zerado;14
SIENGE-1098;Graute de Alto Desempenho;Argamassas e Selantes;ARGAMASSAS;kg;0,0000;;;;Sim;Preço de origem zerado;14
SIENGE-1099;Graute para Preenchimento;Argamassas e Selantes;ARGAMASSAS;kg;0,0000;;;;Sim;Preço de origem zerado;14
SIENGE-1100;Taxa de Bombeamento Argamassa Estabilizada;Argamassas e Selantes;ARGAMASSAS;m3;44,0000;;;;Sim;;15
SIENGE-1101-01;Argamassa Polimérica para Alvenaria de Vedação / Dun Dun;Argamassas e Selantes;ARGAMASSAS;kg;0,0000;;;;Sim;"Código de origem repetido; usar o ID externo; Preço de origem zerado";15
SIENGE-1101-02;Argamassa Polimérica para Alvenaria de Vedação;Argamassas e Selantes;ARGAMASSAS;kg;0,0000;;;;Sim;"Código de origem repetido; usar o ID externo; Preço de origem zerado";15
SIENGE-1102;Argamassa Mista para Assentamento Alvenaria;Argamassas e Selantes;ARGAMASSAS;m3;0,0000;;;;Sim;Preço de origem zerado;15
SIENGE-1103;Argamassa Adesiva para Chapisco Desempenado;Argamassas e Selantes;ARGAMASSAS;sc;0,0000;;;;Sim;Preço de origem zerado;15
SIENGE-1104;Argamassa Estabilizada para Assentamento Alvenaria Vedação;Argamassas e Selantes;ARGAMASSAS;m3;390,0000;;;;Sim;;15
SIENGE-1105;Argamassa Contrapiso Autonivelante;Argamassas e Selantes;ARGAMASSAS;kg;0,0000;;;;Sim;Preço de origem zerado;15
SIENGE-8761;Argamassa Média Fina;Argamassas e Selantes;ARGAMASSAS;m3;0,0000;;;;Sim;Preço de origem zerado;15
SIENGE-8787;Taxa de Bombeamento Argamassa;Argamassas e Selantes;ARGAMASSAS;m3;0,0000;;;;Sim;Preço de origem zerado;15
SIENGE-8866;Controle Tecnológico / Avaliação Através da Percussão;Argamassas e Selantes;ARGAMASSAS;m2;0,0000;;;;Sim;Preço de origem zerado;15
SIENGE-8867;Controle Tecnológico / Relatório Percussão;Argamassas e Selantes;ARGAMASSAS;un;0,0000;;;;Sim;Preço de origem zerado;15
SIENGE-8868;Controle Tecnológico / Deslocamento;Argamassas e Selantes;ARGAMASSAS;dia;0,0000;;;;Sim;Preço de origem zerado;15
SIENGE-8869;Controle Tecnológico / Ensaio Interno;Argamassas e Selantes;ARGAMASSAS;un;0,0000;;;;Sim;Preço de origem zerado;15
SIENGE-8870;Controle Tecnológico / Ensaio Externo;Argamassas e Selantes;ARGAMASSAS;un;0,0000;;;;Sim;Preço de origem zerado;15
SIENGE-8905;Argamassa de Rejuntamento para Revestimento em Concreto Ripado;Argamassas e Selantes;ARGAMASSAS;kg;12,0000;;;;Sim;;15
SIENGE-8968;Argamassa Múltiplo Uso para Fachada;Argamassas e Selantes;ARGAMASSAS;sc;0,0000;;;;Sim;Preço de origem zerado;15
SIENGE-9218;Argamassa Refratária;Argamassas e Selantes;ARGAMASSAS;sc;0,0000;;;;Sim;Preço de origem zerado;15
